{
  "offDays": [
    {
      "id": 1,
      "date": "2025-07-27"
    },
    {
      "id": 2,
      "date": "2025-07-28"
    },
    {
      "id": 3,
      "date": "2025-08-02"
    },
    {
      "id": 4,
      "date": "2025-08-03"
    }
  ],
  "weekendDays": [
    {
      "id": 1,
      "day": "Saturday"
    },
    {
      "id": 2,
      "day": "Sunday"
    }
  ],
  "questions": [
    {
      "id": "1",
      "text": "What did you complete today?"
    },
    {
      "id": "2",
      "text": "What are you planning to work on next working day?"
    },
    {
      "id": "3",
      "text": "Is there anything blocking your progress?"
    },
    {
      "id": "4",
      "text": "Arrival Time?"
    },
    {
      "id": "5",
      "text": "Departure Time?"
    }
  ],
  "pastResponses": [
    {
      "id": "b9d8",
      "createdAt": "2025-07-20T13:55:56.556Z",
      "entries": [
        {
          "questionTimestamp": "2025-07-20T13:55:46.582Z",
          "question": "What did you work on yesterday?",
          "answerTimestamp": "2025-07-20T13:55:46.582Z",
          "answer": "nothing"
        },
        {
          "questionTimestamp": "2025-07-20T13:55:53.705Z",
          "question": "What are you planning to work on today?",
          "answerTimestamp": "2025-07-20T13:55:53.705Z",
          "answer": "debugging"
        },
        {
          "questionTimestamp": "2025-07-20T13:55:56.556Z",
          "question": "Is there anything blocking your progress?",
          "answerTimestamp": "2025-07-20T13:55:56.556Z",
          "answer": "no"
        }
      ]
    },
    {
      "id": "591b",
      "createdAt": "2025-07-30T13:56:22.990Z",
      "entries": [
        {
          "questionTimestamp": "2025-07-30T13:56:13.160Z",
          "question": "What did you work on yesterday?",
          "answerTimestamp": "2025-07-30T13:56:13.160Z",
          "answer": "speed dial"
        },
        {
          "questionTimestamp": "2025-07-30T13:56:18.950Z",
          "question": "What are you planning to work on today?",
          "answerTimestamp": "2025-07-30T13:56:18.950Z",
          "answer": "thinking"
        },
        {
          "questionTimestamp": "2025-07-30T13:56:22.990Z",
          "question": "What are you planning to work on next working day?",
          "answerTimestamp": "2025-07-30T13:56:22.990Z",
          "answer": "integrating socket with react"
        }
      ]
    },
    {
      "id": "c587",
      "createdAt": "2025-07-31T12:27:57.382Z",
      "entries": [
        {
          "questionTimestamp": "2025-07-31T12:27:25.285Z",
          "question": "What did you complete today?",
          "answerTimestamp": "2025-07-31T12:27:25.285Z",
          "answer": "socket is integrated."
        },
        {
          "questionTimestamp": "2025-07-31T12:27:34.430Z",
          "question": "What are you planning to work on next working day?",
          "answerTimestamp": "2025-07-31T12:27:34.430Z",
          "answer": "Chat component UI.\nUx Improvement."
        },
        {
          "questionTimestamp": "2025-07-31T12:27:39.281Z",
          "question": "Is there anything blocking your progress?",
          "answerTimestamp": "2025-07-31T12:27:39.281Z",
          "answer": "No"
        },
        {
          "questionTimestamp": "2025-07-31T12:27:48.666Z",
          "question": "Arrival Time?",
          "answerTimestamp": "2025-07-31T12:27:48.666Z",
          "answer": "10:00 am"
        },
        {
          "questionTimestamp": "2025-07-31T12:27:57.382Z",
          "question": "Departure Time?",
          "answerTimestamp": "2025-07-31T12:27:57.382Z",
          "answer": "5 pm"
        }
      ]
    },
    {
      "id": "21ac3f6f-9218-4f5a-b225-c39788d8ba0c",
      "createdAt": "2025-08-04T13:02:05.090Z",
      "entries": [
        {
          "id": "101fc9af-d1de-426f-b739-a8e091998573",
          "parentId": "21ac3f6f-9218-4f5a-b225-c39788d8ba0c",
          "question": "What did you complete today?",
          "questionTimestamp": "2025-08-04T13:01:55.979Z",
          "answer": "mmmm",
          "answerTimestamp": "2025-08-04T13:01:55.979Z"
        },
        {
          "id": "bebe3a6a-543a-45b0-9b1a-de8bd88a009f",
          "parentId": "21ac3f6f-9218-4f5a-b225-c39788d8ba0c",
          "question": "What are you planning to work on next working day?",
          "questionTimestamp": "2025-08-04T13:01:58.820Z",
          "answer": "klkk",
          "answerTimestamp": "2025-08-04T13:01:58.820Z"
        },
        {
          "id": "3b69f906-005c-4ee7-99f4-ddfa298ca3ab",
          "parentId": "21ac3f6f-9218-4f5a-b225-c39788d8ba0c",
          "question": "Is there anything blocking your progress?",
          "questionTimestamp": "2025-08-04T13:02:00.762Z",
          "answer": "llklk",
          "answerTimestamp": "2025-08-04T13:02:00.762Z"
        },
        {
          "id": "b9148279-5a37-4e90-998f-f1a68c22f08b",
          "parentId": "21ac3f6f-9218-4f5a-b225-c39788d8ba0c",
          "question": "Arrival Time?",
          "questionTimestamp": "2025-08-04T13:02:02.891Z",
          "answer": "kkk",
          "answerTimestamp": "2025-08-04T13:02:02.891Z"
        },
        {
          "id": "a4521e17-3ddf-4153-b2d1-e885b4ab7dc9",
          "parentId": "21ac3f6f-9218-4f5a-b225-c39788d8ba0c",
          "question": "Departure Time?",
          "questionTimestamp": "2025-08-04T13:02:05.090Z",
          "answer": "kkk",
          "answerTimestamp": "2025-08-04T13:02:05.090Z"
        }
      ]
    }
  ],
  "users": [
    {
      "id": "user_1",
      "name": "DailyBot",
      "status": "online",
      "lastSeen": "2025-02-15T10:30:00Z",
      "profilePic": "https://images.saasworthy.com/dailybot_7087_logo_1587031738_1vdqv.png"
    },
    {
      "id": "user_2",
      "name": "Sarah Williams",
      "status": "offline",
      "lastSeen": "2024-02-14T18:45:00Z",
      "profilePic": null
    },
    {
      "id": "user_3",
      "name": "Michael Brown",
      "status": "online",
      "lastSeen": "2024-02-15T09:15:00Z",
      "profilePic": "https://randomuser.me/api/portraits/men/44.jpg"
    },
    {
      "id": "user_4",
      "name": "Emily Davis",
      "status": "offline",
      "lastSeen": "2024-02-13T22:10:00Z",
      "profilePic": "https://randomuser.me/api/portraits/women/63.jpg"
    },
    {
      "id": "user_5",
      "name": "David Wilson",
      "status": "online",
      "lastSeen": "2024-02-15T11:20:00Z",
      "profilePic": null
    },
    {
      "id": "user_6",
      "name": "DailyBot",
      "status": "online",
      "lastSeen": "2025-02-15T10:30:00Z",
      "profilePic": "https://randomuser.me/api/portraits/men/32.jpg"
    },
    {
      "id": "user_7",
      "name": "Sarah Williams",
      "status": "offline",
      "lastSeen": "2024-02-14T18:45:00Z",
      "profilePic": null
    },
    {
      "id": "user_8",
      "name": "Michael Brown",
      "status": "online",
      "lastSeen": "2024-02-15T09:15:00Z",
      "profilePic": "https://randomuser.me/api/portraits/men/44.jpg"
    },
    {
      "id": "user_9",
      "name": "Emily Davis",
      "status": "offline",
      "lastSeen": "2024-02-13T22:10:00Z",
      "profilePic": "https://randomuser.me/api/portraits/women/63.jpg"
    },
    {
      "id": "user_10",
      "name": "David Wilson",
      "status": "online",
      "lastSeen": "2024-02-15T11:20:00Z",
      "profilePic": null
    }
  ]
}
